Title,Price,Availability
The Secret Garden,Â£15.08,In stock
The Metamorphosis,Â£28.58,In stock
The Pilgrim's Progress,Â£50.26,In stock
The Hound of the Baskervilles (Sherlock Holmes #5),Â£14.82,In stock
Little Women (Little Women #1),Â£28.07,In stock
Gone with the Wind,Â£32.49,In stock
Candide,Â£58.63,In stock
Animal Farm,Â£57.22,In stock
Wuthering Heights,Â£17.73,In stock
The Picture of Dorian Gray,Â£29.70,In stock
The Complete Stories and Poems (The Works of Edgar Allan Poe [Cameo Edition]),Â£26.78,In stock
Beowulf,Â£38.35,In stock
And Then There Were None,Â£35.01,In stock
The Story of Hong Gildong,Â£43.19,In stock
The Little Prince,Â£45.42,In stock
Sense and Sensibility,Â£37.46,In stock
Of Mice and Men,Â£47.11,In stock
Emma,Â£32.93,In stock
Alice in Wonderland (Alice's Adventures in Wonderland #1),Â£55.53,In stock
The Secret Garden,Â£15.08,In stock
The Metamorphosis,Â£28.58,In stock
The Pilgrim's Progress,Â£50.26,In stock
The Hound of the Baskervilles (Sherlock Holmes #5),Â£14.82,In stock
Little Women (Little Women #1),Â£28.07,In stock
Gone with the Wind,Â£32.49,In stock
Candide,Â£58.63,In stock
Animal Farm,Â£57.22,In stock
Wuthering Heights,Â£17.73,In stock
The Picture of Dorian Gray,Â£29.70,In stock
The Complete Stories and Poems (The Works of Edgar Allan Poe [Cameo Edition]),Â£26.78,In stock
Beowulf,Â£38.35,In stock
And Then There Were None,Â£35.01,In stock
The Story of Hong Gildong,Â£43.19,In stock
The Little Prince,Â£45.42,In stock
Sense and Sensibility,Â£37.46,In stock
Of Mice and Men,Â£47.11,In stock
Emma,Â£32.93,In stock
Alice in Wonderland (Alice's Adventures in Wonderland #1),Â£55.53,In stock
The Secret Garden,Â£15.08,In stock
The Metamorphosis,Â£28.58,In stock
The Pilgrim's Progress,Â£50.26,In stock
The Hound of the Baskervilles (Sherlock Holmes #5),Â£14.82,In stock
Little Women (Little Women #1),Â£28.07,In stock
Gone with the Wind,Â£32.49,In stock
Candide,Â£58.63,In stock
Animal Farm,Â£57.22,In stock
Wuthering Heights,Â£17.73,In stock
The Picture of Dorian Gray,Â£29.70,In stock
The Complete Stories and Poems (The Works of Edgar Allan Poe [Cameo Edition]),Â£26.78,In stock
Beowulf,Â£38.35,In stock
And Then There Were None,Â£35.01,In stock
The Story of Hong Gildong,Â£43.19,In stock
The Little Prince,Â£45.42,In stock
Sense and Sensibility,Â£37.46,In stock
Of Mice and Men,Â£47.11,In stock
Emma,Â£32.93,In stock
Alice in Wonderland (Alice's Adventures in Wonderland #1),Â£55.53,In stock
The Secret Garden,Â£15.08,In stock
The Metamorphosis,Â£28.58,In stock
The Pilgrim's Progress,Â£50.26,In stock
The Hound of the Baskervilles (Sherlock Holmes #5),Â£14.82,In stock
Little Women (Little Women #1),Â£28.07,In stock
Gone with the Wind,Â£32.49,In stock
Candide,Â£58.63,In stock
Animal Farm,Â£57.22,In stock
Wuthering Heights,Â£17.73,In stock
The Picture of Dorian Gray,Â£29.70,In stock
The Complete Stories and Poems (The Works of Edgar Allan Poe [Cameo Edition]),Â£26.78,In stock
Beowulf,Â£38.35,In stock
And Then There Were None,Â£35.01,In stock
The Story of Hong Gildong,Â£43.19,In stock
The Little Prince,Â£45.42,In stock
Sense and Sensibility,Â£37.46,In stock
Of Mice and Men,Â£47.11,In stock
Emma,Â£32.93,In stock
Alice in Wonderland (Alice's Adventures in Wonderland #1),Â£55.53,In stock
The Secret Garden,Â£15.08,In stock
The Metamorphosis,Â£28.58,In stock
The Pilgrim's Progress,Â£50.26,In stock
The Hound of the Baskervilles (Sherlock Holmes #5),Â£14.82,In stock
Little Women (Little Women #1),Â£28.07,In stock
Gone with the Wind,Â£32.49,In stock
Candide,Â£58.63,In stock
Animal Farm,Â£57.22,In stock
Wuthering Heights,Â£17.73,In stock
The Picture of Dorian Gray,Â£29.70,In stock
The Complete Stories and Poems (The Works of Edgar Allan Poe [Cameo Edition]),Â£26.78,In stock
Beowulf,Â£38.35,In stock
And Then There Were None,Â£35.01,In stock
The Story of Hong Gildong,Â£43.19,In stock
The Little Prince,Â£45.42,In stock
Sense and Sensibility,Â£37.46,In stock
Of Mice and Men,Â£47.11,In stock
Emma,Â£32.93,In stock
Alice in Wonderland (Alice's Adventures in Wonderland #1),Â£55.53,In stock
